seed,auc_excess_risk,auc,bss,sensitivity_at_0_5
1,0.6517412935323383,0.6158338741077223,-0.055583658713680206,0.17391304347826086
2,0.6476314081765088,0.6134544667964525,-0.15159694580214844,0.21739130434782608
3,0.6863508544235345,0.6510923642656283,-0.10722064357814243,0.13043478260869565
4,0.6716417910447762,0.6322734155310404,-0.07374933363666014,0.13043478260869565
5,0.6554185593770279,0.6234047155526714,-0.15812573905413596,0.17391304347826086
6,0.6837551373566948,0.645468310620809,-0.10707585834680589,0.13043478260869565
7,0.6474150984209388,0.6195111399524118,-0.16130022466801175,0.13043478260869565
8,0.6562837983993078,0.617348042396712,-0.13308726786444436,0.17391304347826086
9,0.6571490374215877,0.6225394765303915,-0.14813643138298227,0.13043478260869565
10,0.6645035691109669,0.6249188838416613,-0.152335473137041,0.08695652173913043
