task,design,model,bss,auc_excess_risk,r2_cv
classification,nndm_phi_p100,extra_trees,-0.09234132442696175,0.48453385247674663,
classification,nndm_phi_p100,gradient_boosting,-0.13053866912705558,0.5370971230802509,
classification,nndm_phi_p100,indicator_kriging,-0.02834990971022,0.4008219770711659,
classification,nndm_phi_p100,inverse_distance,-0.02086427044876049,0.4298074843175427,
classification,nndm_phi_p100,knn,-0.07363153601477546,0.47761194029850745,
classification,nndm_phi_p100,logistic,0.04731649865716714,0.5820895522388059,
classification,nndm_phi_p100,mlp,-0.13477405082327132,0.6800778715120052,
classification,nndm_phi_p100,random_forest,-0.08909228409213421,0.4583603720527796,
classification,nndm_phi_p90,extra_trees,-0.08677008209304837,0.4981613670776552,
classification,nndm_phi_p90,gradient_boosting,-0.14868551622664294,0.5293099718797318,
classification,nndm_phi_p90,indicator_kriging,-0.02739967539398358,0.4036340038935756,
classification,nndm_phi_p90,inverse_distance,-0.021851239958424973,0.418775686783474,
classification,nndm_phi_p90,knn,-0.08035072051084002,0.4629028769197491,
classification,nndm_phi_p90,logistic,0.04164140390360194,0.5827384815055159,
classification,nndm_phi_p90,mlp,-0.14610684801543394,0.6815920398009949,
classification,nndm_phi_p90,random_forest,-0.0904975973362061,0.4557646549859399,
classification,nndm_phi_p95,extra_trees,-0.08959572689657302,0.4914557646549859,
classification,nndm_phi_p95,gradient_boosting,-0.12801013617402468,0.5340687865022713,
classification,nndm_phi_p95,indicator_kriging,-0.028816848295798447,0.4019035258490158,
classification,nndm_phi_p95,inverse_distance,-0.021521015687334222,0.42007354531689384,
classification,nndm_phi_p95,knn,-0.07943079940223319,0.4663638330088687,
classification,nndm_phi_p95,logistic,0.0431208054183112,0.5851178888167856,
classification,nndm_phi_p95,mlp,-0.13881509108524415,0.6833225178455549,
classification,nndm_phi_p95,random_forest,-0.09036136044019205,0.4548994159636599,
regression,nndm_phi_p100,elastic_net,,,-0.012947739361727884
regression,nndm_phi_p100,extra_trees,,,-0.029777549449314877
regression,nndm_phi_p100,gradient_boosting,,,-0.5193119048802184
regression,nndm_phi_p100,inverse_distance,,,0.013500313905244976
regression,nndm_phi_p100,mlp,,,-0.5500024891046245
regression,nndm_phi_p100,ordinary_kriging,,,0.013128019178431871
regression,nndm_phi_p100,random_forest,,,-0.047927848649604865
regression,nndm_phi_p100,svr_rbf,,,-0.050500731065561855
regression,nndm_phi_p90,elastic_net,,,-0.010912257594920538
regression,nndm_phi_p90,extra_trees,,,-0.03475565575380335
regression,nndm_phi_p90,gradient_boosting,,,-0.4984433429984516
regression,nndm_phi_p90,inverse_distance,,,0.012713285337010105
regression,nndm_phi_p90,mlp,,,-0.6051592632116798
regression,nndm_phi_p90,ordinary_kriging,,,0.012781102025532731
regression,nndm_phi_p90,random_forest,,,-0.05248177066734794
regression,nndm_phi_p90,svr_rbf,,,-0.05290187455151463
regression,nndm_phi_p95,elastic_net,,,-0.013131902287871977
regression,nndm_phi_p95,extra_trees,,,-0.03199856815133373
regression,nndm_phi_p95,gradient_boosting,,,-0.5057954317444777
regression,nndm_phi_p95,inverse_distance,,,0.013561023135371664
regression,nndm_phi_p95,mlp,,,-0.5884623527894981
regression,nndm_phi_p95,ordinary_kriging,,,0.01289879650197634
regression,nndm_phi_p95,random_forest,,,-0.046890099716735856
regression,nndm_phi_p95,svr_rbf,,,-0.05365630450725267
