task,model,r2_cv_13,r2_cv_14,delta_r2_cv_14_minus_13,bss_13,bss_14,delta_bss_14_minus_13,auc_raw_13,auc_raw_14,delta_auc_raw_14_minus_13,auc_excess_risk_13,auc_excess_risk_14,delta_auc_excess_risk_14_minus_13
classification,extra_trees,,,,-0.09234132442696175,-0.08972863143567555,0.002612692991286192,0.4525200086523902,0.48475016223231665,0.032230153579926424,0.4845338524767467,0.5137356694786935,0.02920181700194685
classification,gradient_boosting,,,,-0.13053866912705558,-0.14921552362641943,-0.01867685449936385,0.44321868916288126,0.42223664287259355,-0.020982046290287715,0.5370971230802509,0.5223880597014925,-0.014709063378758436
classification,knn,,,,-0.07363153601477546,-0.09765499544413991,-0.024023459429364458,0.43986588795154663,0.381570408825438,-0.05829547912610861,0.47761194029850745,0.4125027038719446,-0.06510923642656286
classification,logistic,,,,0.04731649865716714,0.030598183787726385,-0.016718314869440754,0.5150335280121133,0.5016223231667749,-0.01341120484533842,0.582089552238806,0.5671641791044776,-0.014925373134328401
classification,mlp,,,,-0.13477405082327132,-0.29539447730918056,-0.16062042648590924,0.6420073545316893,0.6009085009733939,-0.041098853558295456,0.6800778715120052,0.6387627081981397,-0.04131516331386542
classification,random_forest,,,,-0.08909228409213421,-0.09152682724511707,-0.00243454315298286,0.41834306727233395,0.4337010599178023,0.015357992645468332,0.4583603720527796,0.4680943110534285,0.00973393900064895
regression,elastic_net,-0.012947739361727884,-0.01250476370569742,0.0004429756560304643,,,,,,,,,
regression,extra_trees,-0.029777549449314877,-0.030155007925895427,-0.00037745847658055,,,,,,,,,
regression,gradient_boosting,-0.5193119048802184,-0.5514623018433977,-0.03215039696317934,,,,,,,,,
regression,mlp,-0.5500024891046245,-0.4386777907608672,0.11132469834375724,,,,,,,,,
regression,random_forest,-0.047927848649604865,-0.05573005305054224,-0.007802204400937374,,,,,,,,,
regression,svr_rbf,-0.050500731065561855,-0.07140159942936575,-0.020900868363803893,,,,,,,,,
