task,variant,model,n,n_continuous,n_categorical,r2_cv,bss,auc_raw,auc_excess_risk
regression,baseline_13,elastic_net,201,10,3,-0.012947739361727884,,,
regression,baseline_13,random_forest,201,10,3,-0.047927848649604865,,,
regression,baseline_13,extra_trees,201,10,3,-0.029777549449314877,,,
regression,baseline_13,gradient_boosting,201,10,3,-0.5193119048802184,,,
regression,baseline_13,svr_rbf,201,10,3,-0.050500731065561855,,,
regression,baseline_13,mlp,201,10,3,-0.5500024891046245,,,
regression,plus_drainage_14,elastic_net,201,11,3,-0.01250476370569742,,,
regression,plus_drainage_14,random_forest,201,11,3,-0.05573005305054224,,,
regression,plus_drainage_14,extra_trees,201,11,3,-0.030155007925895427,,,
regression,plus_drainage_14,gradient_boosting,201,11,3,-0.5514623018433977,,,
regression,plus_drainage_14,svr_rbf,201,11,3,-0.07140159942936575,,,
regression,plus_drainage_14,mlp,201,11,3,-0.4386777907608672,,,
classification,baseline_13,logistic,224,10,3,,0.04731649865716714,0.5150335280121133,0.582089552238806
classification,baseline_13,random_forest,224,10,3,,-0.08909228409213421,0.41834306727233395,0.4583603720527796
classification,baseline_13,extra_trees,224,10,3,,-0.09234132442696175,0.4525200086523902,0.4845338524767467
classification,baseline_13,gradient_boosting,224,10,3,,-0.13053866912705558,0.44321868916288126,0.5370971230802509
classification,baseline_13,mlp,224,10,3,,-0.13477405082327132,0.6420073545316893,0.6800778715120052
classification,baseline_13,knn,224,10,3,,-0.07363153601477546,0.43986588795154663,0.47761194029850745
classification,plus_drainage_14,logistic,224,11,3,,0.030598183787726385,0.5016223231667749,0.5671641791044776
classification,plus_drainage_14,random_forest,224,11,3,,-0.09152682724511707,0.4337010599178023,0.4680943110534285
classification,plus_drainage_14,extra_trees,224,11,3,,-0.08972863143567555,0.48475016223231665,0.5137356694786935
classification,plus_drainage_14,gradient_boosting,224,11,3,,-0.14921552362641943,0.42223664287259355,0.5223880597014925
classification,plus_drainage_14,mlp,224,11,3,,-0.29539447730918056,0.6009085009733939,0.6387627081981397
classification,plus_drainage_14,knn,224,11,3,,-0.09765499544413991,0.381570408825438,0.4125027038719446
